id,resume_text,name_true,email_true,skills_true,years_true
1,"姓名：Alice Wong。联系邮箱：alice.wong@example.com。技能：Python, SQL, Tableau。工作经验：4年。",Alice Wong,alice.wong@example.com,Python; SQL; Tableau,4
2,我是 Bob。我的邮箱是 bob@test.com。我喜欢 Java 和 C++。找一份开发工作。,Bob,bob@test.com,Java; C++,null
3,资深营销经理，拥有10年经验。擅长项目管理、沟通和 Excel。邮箱：mkt.manager@corp.com。名字是 Sarah Lee。,Sarah Lee,mkt.manager@corp.com,Excel; 项目管理,10
4,David，2018 年开始工作。熟悉 AWS 和 Docker。邮箱 david@dev.io。,David,david@dev.io,AWS; Docker,null
5,招聘人员注意：请致电 123-456，邮箱 hr@company.com。熟练使用 Power BI。,null,hr@company.com,Power BI,null
6,My name is Tom. I have 5 years of experience. I know Python and SQL. Email: tom.cat@gmail.com.,Tom,tom.cat@gmail.com,Python; SQL,5
7,王小明的邮箱是 wangxm@test.com，他有3年工作经验，精通 Excel 和 PPT。,王小明,wangxm@test.com,Excel; PPT,3
8,联系我：jessica@mail.com。我刚毕业，会一点 HTML 和 CSS。我是 Jessica。,Jessica,jessica@mail.com,HTML; CSS,0
9,"名字：李雷。邮箱：lilei@test.com。技能：Java, Spring Boot, MySQL。工作年限：5年。",李雷,lilei@test.com,Java; Spring Boot; MySQL,5
10,"Hi, I'm Emily. I have worked for 2 years. Skills: Communication, Leadership, Figma. Reach me at emily.design@work.com.",Emily,emily.design@work.com,Figma,2
11,陈大文，邮箱是 chendawen@mail.com。老程序员，有10年经验，主要写 C++ 和 Go。,陈大文,chendawen@mail.com,C++; Go,10
12,"Contact: john.doe@test.com. Name: John Doe. Skills: Sales, Marketing, CRM. Experience: 7 years.",John Doe,john.doe@test.com,Sales; Marketing; CRM,7
13,我是赵敏，邮箱 zhaomin@test.com。做人力资源3年，熟悉招聘和员工关系。,赵敏,zhaomin@test.com,招聘; 员工关系,3
14,No email provided. My name is Mike. I have no work experience. I know how to use Word.,Mike,null,Word,null
15,王芳，wangfang@test.com，拥有8年财务经验。擅长 Excel 和 SAP。,王芳,wangfang@test.com,Excel; SAP,8
16,"Hi, my name is John Smith. You can reach me at john.smith@example.com. I have 5 years of experience in software development, proficient in Python and Django.",John Smith,john.smith@example.com,Python; Django,5
17,My name is Emma Watson. I am a graphic designer with 4 years of experience. I specialize in Adobe Photoshop and Illustrator.,Emma Watson,null,Adobe Photoshop; Illustrator,4
18,Reach me at michael.brown@test.com. I have 8 years of experience in sales and CRM. Skills include Salesforce and negotiation.,null,michael.brown@test.com,Salesforce; Negotiation,8
19,"Hi, I'm Sarah. I just graduated. My email is sarah.designs@gmail.com. I know HTML, CSS, and Figma. Eager to learn.",Sarah,sarah.designs@gmail.com,HTML; CSS; Figma,0
20,"David here. david.data@work.com. I've been working with data for over 7 years. Skills: SQL, Python, Tableau, Machine Learning.",David,david.data@work.com,SQL; Python; Tableau; Machine Learning,7
21,"Name: Chris Evans | Email: chris.evans@avengers.com | Exp: 10 years | Skills: Acting, Stunt Driving",Chris Evans,chris.evans@avengers.com,Acting; Stunt Driving,10
22,Contact Lisa at lisa@company.com. I have 3 years of experience in customer service. I am a fast learner.,Lisa,lisa@company.com,Customer Service,3
23,<div>Name: Alex Johnson</div><div>Email: alex.j@tech.com</div><div>4 years experience in IT support.</div>,Alex Johnson,alex.j@tech.com,IT Support,4
24,"Hello, I am Rachel. Reach me at rachel.green@email.com. I have a few years of experience. I can do Java, C++, Ruby, and Swift.",Rachel,rachel.green@email.com,Java; C++; Ruby; Swift,null
25,my name is danny. contact danny.boy@test.com. i have 2 years of experience. i know excel and word.,Danny,danny.boy@test.com,Excel; Word,2
